{
  "featureNames": [
    "days_per_week_norm",
    "duration_weeks_norm",
    "base_volume_norm",
    "base_intensity_norm",
    "volume_modifier",
    "intensity_modifier",
    "frequency_days_norm",
    "sleep_hours_norm",
    "soreness_norm",
    "recovery_norm",
    "recent_progress_norm",
    "goal_norm",
    "week1_total_stress_norm",
    "week1_mean_barbell_intensity",
    "compound_lift_share",
    "deload_week_share",
    "category_strength_bias"
  ],
  "targets": {
    "fatigueScore": {
      "coef": [
        -0.8880473403037376,
        -0.5088699492359965,
        24.276859075375558,
        12.167119447829416,
        15.636138927772146,
        9.798284135973388,
        21.28138028020939,
        -16.234911225696276,
        21.67728419873785,
        -21.462955807336115,
        0.20334946671251264,
        0.1322237845554902,
        -0.005528735002013501,
        3.0713765504269297,
        -1.0061737595478517,
        -1.7656071780067613,
        0.8847698376654404
      ],
      "intercept": 32.91763136766114
    },
    "progressScore": {
      "coef": [
        0.07344590328610143,
        -0.24065051012991967,
        14.599666486807685,
        16.884754088967455,
        36.24547418772696,
        41.7732387886857,
        13.860649794374437,
        0.07451278987160123,
        -0.3483270505744611,
        20.39901344537222,
        34.26735692572461,
        1.3714633136626142,
        1.1432228936801256,
        -1.1714999455674144,
        -0.02400978890897696,
        0.19955477621802464,
        -0.03401719630051162
      ],
      "intercept": -99.41362660678621
    },
    "plateauRisk": {
      "coef": [
        -0.030846868135226708,
        -0.633271070264761,
        6.27915127018039,
        3.167290220881479,
        -11.683694560205597,
        -18.109786520859696,
        4.631860668489721,
        -3.346893650143675,
        5.3086060576118586,
        -19.363532099803315,
        -31.17755347057327,
        -0.19557804187965264,
        -0.7207820310202012,
        0.33724605824162707,
        -0.5248031556591278,
        -0.9632951282808233,
        0.23575189473494093
      ],
      "intercept": 110.44112411163903
    },
    "adherenceDifficulty": {
      "coef": [
        20.93917434071884,
        4.595367549110627,
        0.5495938416652947,
        -0.8483876923120088,
        28.393592208487327,
        4.17788492861108,
        37.65073003617181,
        -13.861644077782977,
        27.75083454357252,
        0.12220255008282242,
        0.22577643193621855,
        0.07343817994921828,
        -2.301900088039182,
        -5.282385588082483,
        1.4146308833355885,
        -3.706010832293051,
        1.0064295908765828
      ],
      "intercept": 2.96523858477213
    }
  },
  "meta": {
    "fit": "closed-form ridge with train/val/test + lambda sweep",
    "selected_lambda": 0.0,
    "split": {
      "train": 9600,
      "val": 1200,
      "test": 1200
    }
  }
}