{
  "featureNames": [
    "days_per_week_norm",
    "duration_weeks_norm",
    "base_volume_norm",
    "base_intensity_norm",
    "volume_modifier",
    "intensity_modifier",
    "frequency_days_norm",
    "sleep_hours_norm",
    "soreness_norm",
    "recovery_norm",
    "recent_progress_norm",
    "goal_norm",
    "week1_total_stress_norm",
    "week1_mean_barbell_intensity",
    "compound_lift_share",
    "deload_week_share",
    "category_strength_bias"
  ],
  "targets": {
    "fatigueScore": {
      "coef": [
        -0.4400605740958983,
        -1.2910682845983175,
        24.171788534526122,
        14.588277253830126,
        15.35005309242554,
        10.398929991958116,
        20.30518677765166,
        -16.776026127974717,
        22.127977158020595,
        -21.81713186875878,
        0.15768521955888082,
        -0.06154579524360936,
        -0.09375258903983012,
        1.8988268930477956,
        -0.7530497867677739,
        -2.2431311897962813,
        0.430202943167253
      ],
      "intercept": 32.94256574464365
    },
    "progressScore": {
      "coef": [
        -2.162087922533447,
        -0.9577974876961193,
        15.570648752757924,
        17.081057502604516,
        36.12251776928331,
        37.19246455259503,
        15.033145855635754,
        0.10760815265284938,
        -0.14035596370003237,
        19.898824802552532,
        33.90712265117168,
        0.9554627964282792,
        1.4374200921795577,
        4.191149894344462,
        0.6495143925595744,
        -0.7060238888018646,
        -0.04890311748963582
      ],
      "intercept": -98.62823673859111
    },
    "plateauRisk": {
      "coef": [
        0.9456925625441632,
        -0.9364706369381359,
        4.943561124530606,
        2.3471947213799202,
        -12.174807861237579,
        -18.213127168573397,
        4.194614962604013,
        -3.838223495594808,
        5.171649084663855,
        -19.0471816869986,
        -30.872657338416836,
        0.07529218264832191,
        0.22970418556536065,
        0.00867985625770034,
        0.020387579426887237,
        -0.11798404513253442,
        0.28497295083874896
      ],
      "intercept": 111.90780592193074
    },
    "adherenceDifficulty": {
      "coef": [
        21.24016428372924,
        4.296052554285623,
        0.9412335366584208,
        -0.9999574593636588,
        27.88247500573581,
        3.3849083004725493,
        36.846852899892404,
        -13.660086044663615,
        27.520291325740306,
        0.16648612486441805,
        0.06129130857685884,
        0.036770863671077174,
        -2.269333905448145,
        -3.9856533646903247,
        1.3616780939508002,
        -4.446511761369784,
        0.8694719567429408
      ],
      "intercept": 3.783450783044357
    }
  },
  "meta": {
    "fit": "numpy.linalg.lstsq on legacy simulator labels",
    "n_samples": 12000
  }
}