{
  "split": {
    "train": 9600,
    "val": 1200,
    "test": 1200
  },
  "hyperparam_sweep": [
    {
      "lambda": 0.0,
      "val_mean_rmse": 6.357176872231316,
      "val_rmse": [
        6.84208604382247,
        7.533250513364679,
        7.148925940747528,
        3.9044449909905827
      ]
    },
    {
      "lambda": 0.1,
      "val_mean_rmse": 6.357182355180403,
      "val_rmse": [
        6.841976093923475,
        7.5333653239616165,
        7.148901844591895,
        3.9044861582446253
      ]
    },
    {
      "lambda": 1.0,
      "val_mean_rmse": 6.357589729395065,
      "val_rmse": [
        6.841301080536397,
        7.535305352319884,
        7.14876277733434,
        3.9049897073896376
      ]
    },
    {
      "lambda": 10.0,
      "val_mean_rmse": 6.3700826158469726,
      "val_rmse": [
        6.845502886713576,
        7.564495433193577,
        7.150173869763634,
        3.9201582737171017
      ]
    }
  ],
  "selected_lambda": 0.0,
  "targets": {
    "fatigueScore": {
      "baseline": {
        "mae": 11.928805555555556,
        "rmse": 14.555627071271578,
        "r2": -1.7909344260935711e-06
      },
      "ridge": {
        "mae": 5.734097856982225,
        "rmse": 7.027514912222962,
        "r2": 0.7668998841176607
      }
    },
    "progressScore": {
      "baseline": {
        "mae": 16.211890625000002,
        "rmse": 20.83088450711967,
        "r2": -0.0003450449979431891
      },
      "ridge": {
        "mae": 5.800481099120452,
        "rmse": 7.654962786024803,
        "r2": 0.8649108183894447
      }
    },
    "plateauRisk": {
      "baseline": {
        "mae": 12.891067708333333,
        "rmse": 15.449157239746212,
        "r2": -4.103108269326583e-05
      },
      "ridge": {
        "mae": 5.685214711486197,
        "rmse": 7.0697435538778155,
        "r2": 0.7905812545352084
      }
    },
    "adherenceDifficulty": {
      "baseline": {
        "mae": 12.878333333333334,
        "rmse": 15.521348403436175,
        "r2": -0.0005682595006606395
      },
      "ridge": {
        "mae": 2.966533824856296,
        "rmse": 3.8501504386056453,
        "r2": 0.9384336757505773
      }
    }
  }
}