{
  "chunks": 24,
  "queries": 72,
  "reports": [
    {
      "method": "tfidf",
      "nQueries": 72,
      "mrr": 0.8564814814814815,
      "recallAt": {
        "1": 0.75,
        "3": 1,
        "5": 1
      }
    },
    {
      "method": "bm25",
      "nQueries": 72,
      "mrr": 0.8703703703703705,
      "recallAt": {
        "1": 0.7777777777777778,
        "3": 1,
        "5": 1
      }
    },
    {
      "method": "hybrid",
      "nQueries": 72,
      "mrr": 0.8703703703703705,
      "recallAt": {
        "1": 0.7777777777777778,
        "3": 1,
        "5": 1
      }
    }
  ]
}